label,value
count,2993.0
mean,12.668625250040412
std,20.138643906558904
min,0.0
25%,0.2
50%,5.1
75%,17.23
max,199.5
